Tytu³:,Link:
Listen to ‘The Daily’,https://www.nytimes.com/2019/07/09/podcasts/the-daily/jeffrey-epstein-sex-trafficking.html
In Marc Stein’s N.B.A. Newsletter,https://www.nytimes.com/2019/07/09/sports/basketball/billy-crystal-kawhi-leonard-clippers.html
Watch ‘The Weekly’,https://www.nytimes.com/2019/07/05/the-weekly/gm-lordstown-plant.html
Labor Secretary Faces Calls to Resign Over Epstein Plea Deal,https://www.nytimes.com/2019/07/09/us/politics/alex-acosta-jeffrey-epstein.html
"An Opulent Life, Celebrity Friends and Lurid Accusations",https://www.nytimes.com/2019/07/09/nyregion/jeffrey-epstein-who-is-he.html
Tensions Between Pelosi and Progressive Democrats of ‘the Squad’ Ignite,https://www.nytimes.com/2019/07/09/us/politics/nancy-pelosi-ocasio-cortez.html
Justice Dept. Watchdog Is Preparing to Deliver Verdict on the Russia Investigation,https://www.nytimes.com/2019/07/09/us/politics/ig-russia-investigation-steele.html
"A House committee will vote to issue a blitz of subpoenas, raising the heat on Mr. Trump.",https://www.nytimes.com/2019/07/09/us/politics/subpoenas-mueller-trump-house.html
"Trump Can’t Block Critics From His Twitter Account, Appeals Court Rules",https://www.nytimes.com/2019/07/09/us/politics/trump-twitter-first-amendment.html
Trump Administration Will Allow Some Companies to Sell to Huawei,https://www.nytimes.com/2019/07/09/business/huawei-donald-trump.html
Health Coverage for Millions at Stake in Obamacare Appeal,https://www.nytimes.com/2019/07/09/health/obamacare-appeals-court.html
"Ross Perot, Brash Texas Billionaire Who Ran for President, Dies at 89",https://www.nytimes.com/2019/07/09/us/politics/ross-perot-death.html
Zoos Called It a ‘Rescue.’ But Are the Elephants Really Better Off?,https://www.nytimes.com/2019/07/09/magazine/elephants-zoos-swazi-17.html
"Joe Biden, Closet Republican",https://www.nytimes.com/2019/07/09/opinion/joe-biden-bush.html
Who Is a Bigger Threat to His Democracy: Bibi or Trump?,https://www.nytimes.com/2019/07/09/opinion/netanyahu-trump.html
Epstein Is the Ultimate Symbol of Plutocratic Rot,https://www.nytimes.com/2019/07/08/opinion/jeffrey-epstein-trump.html
Who Protected Jeffrey Epstein?,https://www.nytimes.com/2019/07/08/opinion/epstein-indictment.html
Fidel Castro Once Envisioned a Free and Independent Cuba,https://www.nytimes.com/2019/07/09/opinion/fidel-castro-once-envisioned-a-free-and-independent-cuba.html
How Jeffrey Epstein Helped Make the Case Against Him,https://www.nytimes.com/2019/07/09/opinion/jeffrey-epstein.html
Your Inbox Is Spying on You,https://www.nytimes.com/2019/07/09/opinion/email-tracking.html
Trump and the Merchants of Detention,https://www.nytimes.com/2019/07/08/opinion/trump-migrants-detention-centers.html
There’s a Reason We Don’t Say ‘Integration’ Any More,https://www.nytimes.com/2019/07/09/opinion/biden-harris-busing.html
The Meaning of Marianne Williamson,https://www.nytimes.com/2019/07/09/opinion/marianne-williamson-meaning-democratic-primary.html
When Public School Starts at Age 3,https://www.nytimes.com/2019/07/09/opinion/free-pre-k-washington.html
Voyage to the Center of the World,https://www.nytimes.com/2019/07/09/travel/delphi-ancient-greece-oracle.html
What if YouTube Fame Is Backbreaking Work?,https://www.nytimes.com/2019/07/09/style/emma-chamberlain-youtube.html
Pete Alonso’s Endless Enthusiasm Leads to Home Run Derby Win,https://www.nytimes.com/2019/07/08/sports/baseball/pete-alonso-home-run-derby.html
